-- Populate SOCOM Basic Data
-- This script populates the SOCOM tables with basic data for testing

USE SOCOM_UI;

-- Populate LOOKUP_PROGRAM with basic program data
INSERT INTO LOOKUP_PROGRAM (PROGRAM_CODE, PROGRAM_NAME, PROGRAM_GROUP, CAPABILITY_SPONSOR_CODE, ASSESSMENT_AREA_CODE) VALUES
('PROG001', 'Special Operations Research Program', 'RESEARCH', 'SORDAC', 'RESEARCH'),
('PROG002', 'Special Operations Acquisition Program', 'ACQUISITION', 'SORDAC', 'ACQUISITION'),
('PROG003', 'Joint Special Operations Program', 'JOINT', 'USSOCOM', 'RESEARCH'),
('PROG004', 'Special Operations Capability Program', 'CAPABILITY', 'USSOCOM', 'ACQUISITION'),
('PROG005', 'Technology Development Program', 'TECHNOLOGY', 'NSWC', 'RESEARCH');

-- Populate LOOKUP_STORM with basic storm data
INSERT INTO LOOKUP_STORM (TOTAL_SCORE) VALUES
(85.5),
(92.3),
(78.9),
(88.2),
(91.7);

-- Populate RESOURCE_CONSTRAINED_COA_2024 with basic data
INSERT INTO RESOURCE_CONSTRAINED_COA_2024 (
    CAPABILITY_SPONSOR_CODE, 
    ASSESSMENT_AREA_CODE, 
    EVENT_NAME, 
    DELTA_AMT, 
    FISCAL_YEAR, 
    PROGRAM_NAME, 
    RESOURCE_CATEGORY_CODE, 
    EXECUTION_MANAGER_CODE, 
    PROGRAM_CODE, 
    PROGRAM_GROUP, 
    RESOURCE_K, 
    POM_SPONSOR_CODE, 
    OSD_PROGRAM_ELEMENT_CODE, 
    PROGRAM_ID
) VALUES
('SORDAC', 'RESEARCH', 'SOF AT&L Program 1', 1500000.00, 2024, 'Special Operations Research Program', 'RESEARCH_DEV', 'EM001', 'PROG001', 'RESEARCH', 1500000.00, 'SOF_ATL', 'OSD001', 1),
('SORDAC', 'ACQUISITION', 'SOF AT&L Program 2', 2200000.00, 2024, 'Special Operations Acquisition Program', 'ACQUISITION', 'EM002', 'PROG002', 'ACQUISITION', 2200000.00, 'SOF_ATL', 'OSD002', 2),
('USSOCOM', 'RESEARCH', 'USSOCOM Program 1', 2800000.00, 2024, 'Joint Special Operations Program', 'RESEARCH_DEV', 'EM005', 'PROG003', 'JOINT', 2800000.00, 'USSOCOM_POM', 'OSD005', 3),
('USSOCOM', 'ACQUISITION', 'USSOCOM Program 2', 3200000.00, 2024, 'Special Operations Capability Program', 'ACQUISITION', 'EM006', 'PROG004', 'CAPABILITY', 3200000.00, 'USSOCOM_POM', 'OSD006', 4),
('NSWC', 'RESEARCH', 'NSWC Program 1', 1800000.00, 2024, 'Technology Development Program', 'TECHNOLOGY', 'EM007', 'PROG005', 'TECHNOLOGY', 1800000.00, 'NSWC_POM', 'OSD007', 5);

-- Populate RESOURCE_CONSTRAINED_COA_2025 with basic data
INSERT INTO RESOURCE_CONSTRAINED_COA_2025 (
    CAPABILITY_SPONSOR_CODE, 
    ASSESSMENT_AREA_CODE, 
    EVENT_NAME, 
    DELTA_AMT, 
    FISCAL_YEAR, 
    PROGRAM_NAME, 
    RESOURCE_CATEGORY_CODE, 
    EXECUTION_MANAGER_CODE, 
    PROGRAM_CODE, 
    PROGRAM_GROUP, 
    RESOURCE_K, 
    POM_SPONSOR_CODE, 
    OSD_PROGRAM_ELEMENT_CODE, 
    PROGRAM_ID
) VALUES
('SORDAC', 'RESEARCH', 'SOF AT&L Program 1 FY25', 1600000.00, 2025, 'Special Operations Research Program FY25', 'RESEARCH_DEV', 'EM001', 'PROG001', 'RESEARCH', 1600000.00, 'SOF_ATL', 'OSD001', 1),
('USSOCOM', 'RESEARCH', 'USSOCOM Program 1 FY25', 2950000.00, 2025, 'Joint Special Operations Program FY25', 'RESEARCH_DEV', 'EM005', 'PROG003', 'JOINT', 2950000.00, 'USSOCOM_POM', 'OSD005', 3);

-- Populate ISS_SUMMARY_2024 with basic data
INSERT INTO ISS_SUMMARY_2024 (
    CAPABILITY_SPONSOR_CODE, 
    ASSESSMENT_AREA_CODE, 
    EVENT_NAME, 
    DELTA_AMT, 
    FISCAL_YEAR, 
    PROGRAM_NAME, 
    RESOURCE_CATEGORY_CODE, 
    EXECUTION_MANAGER_CODE, 
    PROGRAM_CODE, 
    PROGRAM_GROUP, 
    RESOURCE_K, 
    POM_SPONSOR_CODE, 
    OSD_PROGRAM_ELEMENT_CODE, 
    PROGRAM_ID
) VALUES
('SORDAC', 'RESEARCH', 'SOF AT&L Issue Event 1', 800000.00, 2024, 'Special Operations Issue Program', 'RESEARCH_DEV', 'EM001', 'PROG001', 'RESEARCH', 800000.00, 'SOF_ATL', 'OSD001', 1),
('USSOCOM', 'RESEARCH', 'USSOCOM Issue Event 1', 1100000.00, 2024, 'Joint Special Operations Issue Program', 'RESEARCH_DEV', 'EM005', 'PROG003', 'JOINT', 1100000.00, 'USSOCOM_POM', 'OSD005', 3);

-- Populate ZBT_SUMMARY_2024 with basic data
INSERT INTO ZBT_SUMMARY_2024 (
    CAPABILITY_SPONSOR_CODE, 
    ASSESSMENT_AREA_CODE, 
    EVENT_NAME, 
    DELTA_AMT, 
    FISCAL_YEAR, 
    PROGRAM_NAME, 
    RESOURCE_CATEGORY_CODE, 
    EXECUTION_MANAGER_CODE, 
    PROGRAM_CODE, 
    PROGRAM_GROUP, 
    RESOURCE_K, 
    POM_SPONSOR_CODE, 
    OSD_PROGRAM_ELEMENT_CODE, 
    PROGRAM_ID
) VALUES
('SORDAC', 'RESEARCH', 'SOF AT&L ZBT Event 1', 900000.00, 2024, 'Special Operations ZBT Program', 'RESEARCH_DEV', 'EM001', 'PROG001', 'RESEARCH', 900000.00, 'SOF_ATL', 'OSD001', 1),
('USSOCOM', 'RESEARCH', 'USSOCOM ZBT Event 1', 1000000.00, 2024, 'Joint Special Operations ZBT Program', 'RESEARCH_DEV', 'EM005', 'PROG003', 'JOINT', 1000000.00, 'USSOCOM_POM', 'OSD005', 3);

-- Verify the data was inserted
SELECT 'LOOKUP_PROGRAM' as table_name, COUNT(*) as record_count FROM LOOKUP_PROGRAM
UNION ALL
SELECT 'LOOKUP_STORM' as table_name, COUNT(*) as record_count FROM LOOKUP_STORM
UNION ALL
SELECT 'RESOURCE_CONSTRAINED_COA_2024' as table_name, COUNT(*) as record_count FROM RESOURCE_CONSTRAINED_COA_2024
UNION ALL
SELECT 'RESOURCE_CONSTRAINED_COA_2025' as table_name, COUNT(*) as record_count FROM RESOURCE_CONSTRAINED_COA_2025
UNION ALL
SELECT 'ISS_SUMMARY_2024' as table_name, COUNT(*) as record_count FROM ISS_SUMMARY_2024
UNION ALL
SELECT 'ZBT_SUMMARY_2024' as table_name, COUNT(*) as record_count FROM ZBT_SUMMARY_2024;



